Data Base,Taxa Compra Manha,Taxa Venda Manha,PU Compra Manha,PU Venda Manha,PU Base Manha
2022-07-08,6.07,6.19,1043.89,1016.43,1016.43
2022-07-19,6.22,6.34,1012.39,986.68,986.68
2022-07-07,6.03,6.15,1052.43,1025.17,1025.17
2022-08-19,5.85,5.97,1094.78,1067.02,1067.02
2022-08-26,5.8,5.92,1106.72,1078.78,1078.78
2022-07-28,6.24,6.36,1007.77,982.23,982.23
2022-08-15,5.82,5.94,1101.33,1073.23,1073.23
2022-08-30,5.92,6.04,1078.95,1051.52,1051.52
2022-06-09,5.69,5.81,1120.47,1091.38,1091.38
2022-07-05,5.98,6.1,1062.79,1035.24,1035.24
2022-07-18,6.07,6.19,1045.43,1018.84,1018.84
2022-06-14,5.7,5.82,1119.64,1090.58,1090.58
2022-06-28,5.9,6.02,1078.17,1050.18,1050.18
2022-07-29,6.22,6.34,1011.68,986.46,986.46
2022-06-29,5.91,6.03,1076.36,1048.43,1048.43
2022-06-24,5.75,5.87,1112.16,1082.82,1082.82
2022-06-30,5.89,6.01,1081.51,1053.44,1053.44
2022-07-25,6.15,6.27,1027.4,1001.31,1001.31
2022-06-10,5.67,5.79,1126.08,1096.51,1096.51
2022-06-13,5.77,5.89,1102.42,1073.82,1073.82
2022-06-08,5.81,5.93,1092.43,1064.04,1064.04
2022-07-04,5.94,6.06,1071.46,1043.68,1043.68
2022-06-15,5.74,5.86,1110.72,1081.61,1081.61
2022-06-23,5.75,5.87,1111.21,1082.34,1082.34
2022-08-02,6.19,6.31,1018.25,992.44,992.44
2022-06-17,5.71,5.83,1118.9,1089.35,1089.35
2022-06-22,5.72,5.84,1117.94,1088.89,1088.89
2022-07-06,6.01,6.13,1056.45,1029.08,1029.08
2022-07-01,5.86,5.98,1089.56,1060.76,1060.76
2022-08-23,5.86,5.98,1092.77,1064.92,1064.92
2022-09-01,5.93,6.05,1076.91,1049.54,1049.54
2022-08-18,5.77,5.89,1113.69,1085.28,1085.28
2022-09-20,5.82,5.94,1103.36,1075.29,1075.29
2022-09-16,5.88,6.0,1088.93,1061.31,1061.31
2022-09-19,5.91,6.03,1082.19,1054.67,1054.67
2022-09-09,5.73,5.85,1123.68,1095.37,1095.37
2022-09-05,5.79,5.91,1109.63,1081.42,1081.42
2022-09-22,5.71,5.83,1129.98,1101.21,1101.21
2022-09-12,5.76,5.88,1116.61,1088.25,1088.25
2022-08-05,5.95,6.07,1071.52,1044.77,1044.77
2022-09-13,5.85,5.97,1095.48,1067.67,1067.67
2022-08-01,6.21,6.33,1013.88,988.18,988.18
2022-08-08,5.93,6.05,1076.14,1048.83,1048.83
2022-07-26,6.19,6.31,1018.68,992.82,992.82
2020-05-11,4.52,4.64,1097.12,1066.18,1066.1
2020-05-12,4.43,4.55,1121.02,1089.38,1089.3
2020-06-29,4.13,4.25,1207.54,1173.54,1173.24
2020-07-15,3.73,3.85,1332.67,1295.07,1294.67
2020-02-10,3.31,3.43,1454.39,1412.51,1412.22
2019-11-19,3.19,3.31,1461.28,1418.78,1418.04
2020-03-27,4.46,4.58,1110.47,1079.0,1078.69
2019-11-21,3.22,3.34,1450.91,1408.73,1408.36
2019-11-28,3.41,3.53,1387.06,1346.85,1346.47
2020-02-18,3.24,3.36,1481.23,1438.58,1438.32
2019-12-02,3.37,3.49,1401.89,1361.25,1360.87
2019-12-27,3.41,3.53,1402.19,1361.66,1360.1
2020-03-20,4.83,4.95,1015.17,986.47,986.18
2020-01-09,3.4,3.52,1412.34,1371.57,1370.91
2019-12-16,3.19,3.31,1471.59,1428.91,1428.37
2020-01-07,3.42,3.54,1404.14,1363.59,1362.94
2020-01-14,3.44,3.56,1402.92,1362.45,1361.76
2020-02-27,3.42,3.54,1419.37,1378.6,1378.34
2020-01-13,3.39,3.51,1419.44,1378.47,1377.77
2020-01-15,3.35,3.47,1434.44,1393.03,1392.69
2019-11-18,3.15,3.27,1474.98,1432.06,1431.68
2019-12-05,3.36,3.48,1406.48,1365.71,1365.34
2019-12-17,3.26,3.38,1447.09,1405.15,1404.62
2019-12-19,3.4,3.52,1399.36,1358.88,1358.35
2020-02-21,3.26,3.38,1475.14,1432.7,1432.15
2020-03-17,4.1,4.22,1208.7,1174.28,1174.04
2020-03-18,4.46,4.58,1108.7,1077.24,1077.01
2019-12-23,3.45,3.57,1386.3,1346.23,1344.5
2020-07-06,3.83,3.95,1298.89,1262.24,1261.93
2020-07-07,3.87,3.99,1286.86,1250.57,1250.27
2020-07-08,3.91,4.03,1274.95,1239.02,1238.71
2020-04-28,4.54,4.66,1093.21,1062.34,1062.16
2020-07-29,3.5,3.62,1412.15,1372.29,1371.93
2020-04-29,4.27,4.39,1165.3,1132.32,1132.21
2020-04-30,4.25,4.37,1170.76,1137.62,1137.75
2020-07-21,3.63,3.75,1366.98,1328.41,1328.0
2020-05-20,4.42,4.54,1123.82,1092.12,1092.06
2020-05-21,4.4,4.52,1129.25,1097.4,1097.34
2020-05-04,4.41,4.53,1126.91,1095.07,1094.95
2020-05-29,4.22,4.34,1178.06,1144.81,1145.12
2020-07-13,3.72,3.84,1335.13,1297.45,1297.15
2020-07-23,3.6,3.72,1377.65,1338.77,1338.36
2020-07-22,3.6,3.72,1377.23,1338.36,1337.95
2020-07-14,3.76,3.88,1322.75,1285.44,1285.14
2020-07-24,3.55,3.67,1395.07,1355.69,1354.83
2020-04-23,4.14,4.26,1202.5,1168.41,1168.23
2020-04-24,4.32,4.44,1151.88,1119.29,1119.14
2020-07-10,3.79,3.91,1312.71,1275.68,1275.16
2020-05-05,4.24,4.36,1173.79,1140.57,1140.46
2020-04-09,4.64,4.76,1065.46,1035.36,1035.08
2020-06-08,4.09,4.21,1214.96,1180.66,1180.64
2020-07-09,3.88,4.0,1284.41,1248.21,1247.9
2019-12-30,3.38,3.5,1414.32,1373.44,1371.68
2020-01-03,3.39,3.51,1413.14,1372.31,1370.74
2020-02-06,3.27,3.39,1469.06,1426.72,1426.39
2019-12-20,3.47,3.59,1376.82,1337.02,1335.83
2020-01-10,3.41,3.53,1411.81,1371.06,1369.36
2020-01-20,3.44,3.56,1404.59,1364.1,1363.76
2020-01-28,3.43,3.55,1410.27,1369.64,1369.31
2020-02-26,3.32,3.44,1454.03,1412.22,1411.96
2020-02-11,3.25,3.37,1476.1,1433.58,1433.29
2020-03-03,3.31,3.43,1458.77,1416.86,1416.59
2020-01-31,3.37,3.49,1432.35,1391.08,1390.47
2020-02-03,3.38,3.5,1429.2,1388.04,1387.7
2020-04-06,4.65,4.77,1062.52,1032.48,1032.26
2020-03-04,3.29,3.41,1466.15,1424.02,1423.76
2019-11-29,3.32,3.44,1418.82,1377.65,1376.89
2020-03-30,4.36,4.48,1137.66,1105.39,1105.16
2020-03-10,3.69,3.81,1331.71,1293.62,1293.36
2019-11-27,3.32,3.44,1417.66,1376.51,1376.14
2019-12-03,3.34,3.46,1412.64,1371.67,1371.29
2020-03-31,4.45,4.57,1113.6,1082.04,1081.82
2019-11-26,3.32,3.44,1417.28,1376.14,1375.76
2019-12-13,3.19,3.31,1471.04,1428.37,1427.35
2020-04-01,4.56,4.68,1084.87,1054.16,1053.94
2019-12-04,3.34,3.46,1413.01,1372.04,1371.67
2020-03-16,4.35,4.47,1137.9,1105.57,1105.34
2019-12-10,3.33,3.45,1422.82,1381.58,1381.04
2019-12-06,3.34,3.46,1415.19,1374.17,1373.28
2019-12-18,3.36,3.48,1412.59,1371.7,1371.18
2020-04-03,4.65,4.77,1062.29,1032.26,1031.96
2019-11-25,3.2,3.32,1459.31,1416.9,1416.51
2020-04-07,4.61,4.73,1072.96,1042.63,1042.4
2019-12-26,3.43,3.55,1393.75,1353.47,1352.83
2020-02-19,3.24,3.36,1481.49,1438.84,1438.58
2020-02-20,3.19,3.31,1499.9,1456.71,1456.45
2020-01-22,3.49,3.61,1388.26,1348.27,1347.93
2020-02-05,3.33,3.45,1447.39,1405.7,1405.37
2020-02-28,3.39,3.51,1430.16,1389.08,1388.68
2020-02-07,3.31,3.43,1454.11,1412.22,1411.75
2020-01-23,3.46,3.58,1398.79,1358.49,1358.15
2020-03-02,3.29,3.41,1465.62,1423.49,1423.23
2020-03-05,3.31,3.43,1459.3,1417.38,1417.12
2020-03-12,4.78,4.9,1025.77,996.73,996.46
2020-03-13,4.17,4.29,1188.02,1154.2,1153.77
2020-01-24,3.43,3.55,1409.6,1368.98,1368.37
2020-01-27,3.43,3.55,1409.93,1369.31,1368.98
2020-01-16,3.41,3.53,1413.92,1373.13,1372.79
2020-03-06,3.49,3.61,1397.3,1357.24,1356.84
2020-03-19,4.73,4.85,1039.44,1010.03,1009.8
2020-02-17,3.21,3.33,1491.83,1448.86,1448.6
2020-01-29,3.37,3.49,1431.38,1390.13,1389.8
2020-01-30,3.36,3.48,1435.21,1393.86,1393.52
2020-03-09,3.51,3.63,1390.8,1350.94,1350.68
2020-03-11,3.6,3.72,1362.53,1323.53,1323.22
2020-01-17,3.43,3.55,1407.68,1367.09,1366.45
2020-01-21,3.49,3.61,1387.91,1347.93,1347.59
2020-02-04,3.37,3.49,1433.02,1391.75,1391.42
2021-05-20,4.21,4.33,1317.08,1281.33,1280.83
2021-06-24,4.17,4.29,1346.17,1309.76,1309.3
2021-06-22,4.23,4.35,1326.9,1291.03,1290.57
2021-06-28,4.2,4.32,1338.53,1302.35,1301.88
2021-04-05,4.08,4.2,1341.55,1304.9,1304.25
2021-04-28,3.98,4.1,1380.81,1343.15,1342.81
2021-05-13,4.17,4.29,1326.22,1290.18,1289.83
2021-05-26,4.24,4.36,1310.73,1275.19,1274.68
2021-06-04,4.11,4.23,1355.09,1318.34,1317.22
2021-05-05,4.2,4.32,1314.55,1278.81,1278.47
2021-05-07,4.26,4.38,1297.48,1262.23,1261.65
2021-07-08,4.1,4.22,1374.27,1337.14,1335.76
2021-07-26,4.12,4.24,1376.07,1338.97,1338.35
2021-07-21,4.08,4.2,1385.47,1348.09,1347.53
2021-06-23,4.2,4.32,1336.5,1300.36,1299.9
2021-06-08,4.07,4.19,1368.63,1331.51,1330.99
2021-06-09,4.06,4.18,1373.68,1336.42,1335.85
2021-04-16,4.12,4.24,1334.37,1297.99,1297.27
2021-07-02,4.13,4.25,1362.56,1325.73,1324.75
2021-07-27,4.19,4.31,1354.92,1318.42,1317.81
2021-07-06,4.12,4.24,1366.64,1329.71,1329.24
2021-06-25,4.13,4.25,1359.52,1322.74,1321.78
2021-04-23,4.08,4.2,1348.82,1312.05,1311.33
2021-04-01,4.06,4.18,1347.09,1310.28,1308.32
2021-07-19,4.12,4.24,1371.76,1334.75,1334.2
2021-06-15,4.1,4.22,1364.08,1327.12,1326.66
2021-07-05,4.11,4.23,1369.29,1332.27,1331.8
2021-06-29,4.1,4.22,1369.96,1332.9,1332.42
2021-06-17,4.03,4.15,1387.08,1349.49,1349.02
2021-06-18,4.17,4.29,1344.3,1307.92,1306.97
2021-07-12,4.2,4.32,1343.71,1307.46,1307.01
2021-03-22,3.99,4.11,1360.89,1323.63,1323.04
2021-07-22,4.1,4.22,1379.73,1342.52,1341.96
2021-04-08,4.08,4.2,1343.53,1306.85,1306.2
2021-06-30,4.14,4.26,1357.97,1321.26,1320.78
2021-07-23,4.11,4.23,1377.85,1340.69,1339.46
2021-04-19,4.1,4.22,1340.93,1304.37,1303.98
2021-06-10,4.08,4.2,1367.97,1330.88,1330.31
2021-06-11,4.1,4.22,1363.02,1326.09,1324.81
2021-05-12,4.17,4.29,1325.87,1289.83,1289.48
2021-07-16,4.1,4.22,1377.47,1340.29,1339.06
2021-04-07,4.12,4.24,1330.53,1294.21,1293.56
2021-03-31,4.07,4.19,1341.98,1305.31,1304.66
2021-04-15,4.18,4.3,1315.33,1279.48,1279.1
2021-05-04,4.08,4.2,1351.0,1314.21,1313.87
2021-05-21,4.21,4.33,1318.18,1282.41,1281.33
2021-06-07,4.06,4.18,1371.25,1334.04,1333.52
2021-04-12,4.1,4.22,1338.19,1301.67,1301.07
2021-04-26,4.07,4.19,1352.32,1315.46,1315.07
2021-05-11,4.2,4.32,1316.41,1280.64,1280.29
2021-06-21,4.19,4.31,1338.63,1302.41,1301.95
2021-05-03,4.13,4.25,1335.2,1298.85,1298.51
2021-05-10,4.19,4.31,1318.86,1283.01,1282.67
2021-05-17,4.22,4.34,1312.53,1276.89,1276.39
2022-08-24,5.8,5.92,1107.05,1078.84,1078.84
2022-07-14,6.22,6.34,1012.69,986.54,986.54
2022-07-27,6.29,6.41,997.03,971.76,971.76
2022-03-16,5.85,5.97,1036.58,1009.28,1009.28
2022-03-07,5.88,6.0,1024.45,997.41,997.41
2022-03-14,5.9,6.02,1024.25,997.22,997.22
2022-04-01,5.46,5.58,1140.29,1109.19,1109.19
2022-02-23,5.73,5.85,1052.78,1024.95,1024.95
2022-03-29,5.39,5.51,1154.77,1124.17,1124.17
2022-03-15,5.83,5.95,1040.56,1013.14,1013.14
2022-02-08,5.54,5.66,1090.78,1062.0,1062.0
2022-03-17,5.86,5.98,1034.86,1007.62,1007.62
2022-02-09,5.52,5.64,1095.91,1067.0,1067.0
2022-02-22,5.67,5.79,1066.13,1037.93,1037.93
2022-06-07,5.79,5.91,1096.71,1068.2,1068.2
2022-04-26,5.61,5.73,1119.27,1089.92,1089.92
2022-03-24,5.63,5.75,1091.63,1062.86,1062.86
2022-02-15,5.63,5.75,1071.96,1043.58,1043.58
2022-04-25,5.63,5.75,1113.88,1084.68,1084.68
2022-05-26,5.74,5.86,1104.14,1075.39,1075.39
2022-04-08,5.42,5.54,1158.19,1126.26,1126.26
2022-05-27,5.69,5.81,1117.05,1087.54,1087.54
2022-02-07,5.56,5.68,1085.57,1056.92,1056.92
2022-06-02,5.75,5.87,1104.44,1075.71,1075.71
2022-04-11,5.51,5.63,1136.49,1106.33,1106.33
2022-02-18,5.65,5.77,1069.66,1040.7,1040.7
2022-03-11,5.78,5.9,1050.81,1022.31,1022.31
2022-05-12,5.84,5.96,1074.87,1046.69,1046.69
2022-02-14,5.66,5.78,1064.37,1036.33,1036.33
2022-05-13,5.76,5.88,1094.84,1065.6,1065.6
2022-06-06,5.73,5.85,1110.57,1081.68,1081.68
2022-05-18,5.63,5.75,1127.39,1098.03,1098.03
2022-04-06,5.46,5.58,1142.41,1112.19,1112.19
2022-05-19,5.62,5.74,1130.25,1100.82,1100.82
2022-03-28,5.37,5.49,1159.11,1128.39,1128.39
2022-07-20,6.26,6.38,1003.79,978.31,978.31
2022-08-04,6.14,6.26,1029.24,1003.15,1003.15
2022-07-21,6.21,6.33,1014.63,988.87,988.87
2022-06-21,5.67,5.79,1129.59,1100.22,1100.22
2022-08-16,5.7,5.82,1130.19,1101.33,1101.33
2022-08-09,5.85,5.97,1094.58,1066.79,1066.79
2022-07-11,6.27,6.39,1000.51,974.67,974.67
2022-07-13,6.18,6.3,1020.94,994.57,994.57
2022-08-10,5.89,6.01,1085.24,1057.7,1057.7
2022-08-22,5.85,5.97,1094.94,1067.03,1067.03
2022-08-29,5.87,5.99,1090.4,1062.67,1062.67
2022-08-11,5.83,5.95,1099.29,1071.39,1071.39
2022-08-12,5.89,6.01,1084.78,1057.73,1057.73
2022-08-31,5.92,6.04,1079.08,1051.65,1051.65
2022-02-10,5.63,5.75,1070.18,1041.98,1041.98
2022-03-30,5.47,5.59,1135.45,1105.39,1105.39
2022-04-07,5.4,5.52,1158.2,1127.55,1127.55
2021-06-16,4.14,4.26,1352.11,1315.5,1315.04
2021-04-27,3.96,4.08,1387.45,1349.59,1349.21
2021-04-30,3.97,4.09,1384.96,1347.2,1346.6
2021-07-14,4.17,4.29,1353.86,1317.33,1316.88
2021-11-16,5.15,5.27,1150.57,1119.65,1119.65
2021-09-16,4.66,4.78,1244.17,1210.38,1210.38
2021-10-15,5.03,5.15,1162.65,1130.88,1130.88
2021-12-10,5.08,5.2,1182.42,1150.01,1150.01
2022-01-12,5.68,5.8,1048.22,1020.45,1020.45
2022-01-25,5.59,5.71,1073.49,1045.17,1045.17
2022-02-11,5.63,5.75,1070.97,1042.39,1042.39
2022-02-04,5.56,5.68,1085.14,1056.13,1056.13
2021-04-13,4.12,4.24,1332.64,1296.29,1295.69
2021-06-14,4.15,4.27,1348.08,1311.57,1311.0
2021-03-25,4.26,4.38,1280.26,1245.31,1244.75
2021-05-31,4.18,4.3,1331.05,1294.95,1294.44
2021-08-04,4.25,4.37,1341.07,1305.0,1304.39
2021-09-30,4.88,5.0,1193.29,1160.9,1160.9
2021-11-03,5.58,5.7,1037.16,1009.34,1009.34
2021-12-03,5.13,5.25,1166.67,1134.53,1134.53
2021-12-21,5.13,5.25,1173.54,1142.25,1142.25
2022-01-21,5.69,5.81,1049.39,1021.41,1021.41
2022-01-06,5.47,5.59,1094.5,1065.47,1065.47
2022-01-13,5.69,5.81,1046.39,1018.68,1018.68
2022-02-16,5.53,5.65,1096.32,1067.27,1067.27
2022-05-17,5.59,5.71,1136.81,1107.18,1107.18
2022-04-18,5.67,5.79,1101.32,1072.43,1072.43
2021-07-20,4.08,4.2,1384.9,1347.53,1346.97
2021-04-14,4.18,4.3,1314.94,1279.1,1278.5
2021-04-22,4.17,4.29,1320.41,1284.45,1284.07
2021-03-30,4.0,4.12,1363.2,1325.92,1325.26
2021-10-01,4.93,5.05,1181.64,1148.65,1148.65
2021-12-06,5.15,5.27,1162.15,1130.95,1130.95
2021-10-05,4.92,5.04,1185.72,1153.55,1153.55
2022-01-26,5.59,5.71,1073.88,1045.55,1045.55
2022-01-05,5.31,5.43,1133.4,1103.3,1103.3
2021-12-30,5.18,5.3,1165.07,1133.17,1133.17
2022-01-17,5.63,5.75,1061.48,1033.45,1033.45
2022-05-05,5.63,5.75,1120.04,1090.65,1090.65
2022-04-13,5.58,5.7,1120.92,1091.2,1091.2
2022-03-09,5.79,5.91,1045.96,1018.34,1018.34
2021-07-13,4.2,4.32,1344.17,1307.91,1307.46
2021-03-24,4.06,4.18,1340.2,1303.54,1302.96
2021-07-15,4.2,4.32,1345.18,1308.91,1308.36
2021-11-29,5.2,5.32,1145.28,1114.52,1114.52
2021-08-20,4.88,5.0,1170.76,1139.52,1138.69
2021-12-01,5.06,5.18,1182.82,1151.03,1151.03
2021-08-12,4.52,4.64,1266.03,1232.1,1231.5
2021-12-08,5.14,5.26,1166.03,1134.74,1134.74
2022-01-24,5.62,5.74,1066.05,1037.92,1037.92
2021-12-14,4.96,5.08,1215.63,1183.03,1183.03
2022-04-20,5.6,5.72,1119.56,1089.92,1089.92
2022-04-28,5.64,5.76,1113.96,1084.7,1084.7
2022-05-10,5.73,5.85,1098.41,1069.63,1069.63
2021-05-14,4.17,4.29,1327.17,1291.11,1290.18
2021-05-19,4.3,4.42,1289.67,1254.69,1254.19
2021-03-19,3.82,3.94,1414.94,1376.13,1374.75
2021-03-29,4.09,4.21,1334.48,1298.0,1297.36
2021-12-07,5.18,5.3,1155.07,1124.08,1124.08
2021-08-18,4.77,4.89,1198.89,1166.85,1166.42
2021-09-17,4.73,4.85,1226.14,1192.08,1192.08
2021-12-22,5.12,5.24,1176.65,1145.27,1145.27
2021-12-20,5.24,5.36,1144.78,1114.28,1114.28
2022-02-01,5.56,5.68,1083.49,1054.88,1054.88
2022-05-09,5.78,5.9,1085.98,1057.53,1057.53
2022-04-29,5.62,5.74,1120.11,1090.01,1090.01
2022-04-05,5.37,5.49,1164.38,1133.54,1133.54
2022-04-12,5.58,5.7,1120.09,1090.39,1090.39
2021-11-01,5.41,5.53,1076.53,1047.26,1047.26
2021-08-03,4.4,4.52,1295.54,1260.74,1260.14
2021-10-25,5.39,5.51,1076.1,1047.27,1047.27
2021-11-22,5.2,5.32,1141.0,1110.36,1110.36
2021-07-30,4.25,4.37,1339.21,1303.17,1301.78
2021-09-24,4.86,4.98,1194.67,1161.54,1161.54
2021-12-27,5.17,5.29,1165.32,1134.3,1134.3
2022-01-19,5.66,5.78,1055.26,1027.41,1027.41
2022-01-03,5.24,5.36,1150.16,1119.58,1119.58
2021-12-28,5.15,5.27,1170.97,1139.8,1139.8
2022-03-21,5.78,5.9,1054.83,1027.04,1027.04
2022-03-08,5.87,5.99,1027.27,1000.16,1000.16
2022-02-17,5.58,5.7,1084.94,1056.21,1056.21
2022-03-31,5.44,5.56,1143.63,1113.35,1113.35
2021-08-09,4.43,4.55,1289.94,1255.32,1254.72
2021-09-20,4.82,4.94,1202.18,1169.59,1169.59
2021-10-26,5.48,5.6,1055.21,1026.97,1026.97
2021-10-13,4.96,5.08,1179.31,1147.38,1147.38
2021-10-19,5.23,5.35,1112.77,1082.9,1082.9
2021-12-02,5.23,5.35,1139.58,1109.0,1109.0
2021-10-08,4.92,5.04,1188.1,1155.03,1155.03
2021-09-14,4.7,4.82,1231.76,1198.36,1198.36
2022-01-11,5.65,5.77,1054.69,1026.74,1026.74
2022-01-27,5.68,5.8,1053.67,1025.86,1025.86
2022-01-07,5.5,5.62,1088.16,1058.89,1058.89
2022-02-02,5.57,5.69,1081.53,1052.98,1052.98
2022-05-11,5.84,5.96,1074.25,1046.08,1046.08
2022-04-27,5.61,5.73,1119.79,1090.44,1090.44
2022-05-04,5.74,5.86,1093.02,1064.35,1064.35
2022-05-06,5.72,5.84,1099.63,1070.13,1070.13
2021-10-07,4.93,5.05,1184.48,1152.36,1152.36
2021-10-04,4.88,5.0,1195.69,1163.24,1163.24
2021-10-21,5.47,5.59,1055.7,1027.43,1027.43
2021-10-27,5.47,5.59,1059.48,1031.01,1031.01
2021-10-11,5.01,5.13,1165.51,1133.53,1133.53
2021-11-10,5.27,5.39,1117.03,1086.95,1086.95
2021-08-10,4.49,4.61,1273.44,1239.29,1238.69
2022-01-04,5.26,5.38,1145.54,1115.1,1115.1
2022-01-31,5.65,5.77,1061.85,1033.83,1033.83
2021-12-13,4.94,5.06,1220.43,1187.69,1187.69
2022-02-24,5.81,5.93,1035.25,1007.9,1007.9
2022-02-25,5.68,5.8,1067.14,1037.52,1037.52
2022-03-02,5.68,5.8,1067.73,1039.49,1039.49
2021-11-05,5.29,5.41,1108.19,1077.69,1077.69
2021-10-22,5.43,5.55,1066.09,1037.07,1037.07
2021-09-15,4.66,4.78,1243.54,1209.76,1209.76
2021-09-21,4.67,4.79,1244.09,1210.32,1210.32
2021-10-18,5.1,5.22,1145.07,1114.31,1114.31
2021-09-03,4.67,4.79,1233.82,1200.89,1199.9
2021-09-28,4.9,5.02,1186.53,1154.31,1154.31
2021-12-15,5.06,5.18,1189.4,1157.64,1157.64
2022-02-03,5.53,5.65,1091.51,1062.69,1062.69
2022-01-10,5.55,5.67,1076.67,1048.15,1048.15
2021-12-16,5.01,5.13,1203.19,1171.05,1171.05
2022-04-04,5.37,5.49,1163.66,1132.84,1132.84
2022-03-25,5.44,5.56,1139.19,1108.45,1108.45
2022-04-14,5.64,5.76,1108.01,1077.84,1077.84
2021-09-22,4.71,4.83,1233.57,1200.1,1200.1
2021-10-20,5.17,5.29,1128.26,1097.97,1097.97
2021-10-29,5.65,5.77,1019.71,991.7,991.7
2021-11-12,5.21,5.33,1134.7,1102.89,1102.89
2021-09-23,4.7,4.82,1236.98,1203.42,1203.42
2021-10-14,4.94,5.06,1185.29,1153.2,1153.2
2021-10-06,5.01,5.13,1162.73,1131.22,1131.22
2022-01-28,5.61,5.73,1070.8,1042.16,1042.16
2021-12-09,5.06,5.18,1187.61,1155.72,1155.72
2022-01-18,5.66,5.78,1054.88,1027.03,1027.03
2021-12-17,5.12,5.24,1175.16,1143.31,1143.31
2022-03-04,5.77,5.89,1048.78,1020.39,1020.39
2022-04-22,5.66,5.78,1106.12,1076.57,1076.57
2022-04-19,5.58,5.7,1123.64,1094.15,1094.15
2021-08-05,4.27,4.39,1335.61,1299.7,1299.09
2021-08-26,4.54,4.66,1266.53,1232.65,1232.17
2021-09-01,4.67,4.79,1232.33,1199.43,1198.95
2021-09-10,4.73,4.85,1222.33,1189.74,1188.52
2021-11-11,5.18,5.3,1140.33,1109.6,1109.6
2021-11-09,5.22,5.34,1126.8,1096.51,1096.51
2021-08-13,4.62,4.74,1238.9,1205.73,1204.55
2021-09-29,4.86,4.98,1197.94,1165.41,1165.41
2021-07-28,4.22,4.34,1346.32,1310.07,1309.46
2021-12-23,5.05,5.17,1196.59,1163.67,1163.67
2022-01-14,5.62,5.74,1063.43,1034.95,1034.95
2022-05-25,5.8,5.92,1089.45,1061.09,1061.09
2022-03-10,5.86,5.98,1030.67,1003.47,1003.47
2022-05-30,5.69,5.81,1117.5,1088.41,1088.41
2021-03-23,4.06,4.18,1339.61,1302.96,1302.38
2021-03-26,4.08,4.2,1336.91,1300.36,1298.84
2021-05-24,4.21,4.33,1318.7,1282.92,1282.41
2021-08-02,4.3,4.42,1324.68,1289.06,1288.45
2021-09-08,4.77,4.89,1207.53,1175.34,1174.87
2021-09-02,4.66,4.78,1235.6,1202.61,1202.13
2021-11-08,5.32,5.44,1101.4,1071.81,1071.81
2021-08-31,4.62,4.74,1245.83,1212.55,1212.06
2021-11-30,5.15,5.27,1158.73,1127.61,1127.61
2022-05-31,5.74,5.86,1105.93,1077.15,1077.15
2022-05-02,5.63,5.75,1118.27,1088.9,1088.9
2022-03-03,5.77,5.89,1047.5,1019.81,1019.81
2021-05-18,4.1,4.22,1349.72,1313.04,1312.53
2021-07-07,4.08,4.2,1379.67,1342.39,1341.91
2021-05-27,4.25,4.37,1308.24,1272.78,1272.27
2021-08-16,4.71,4.83,1214.37,1181.9,1181.46
2021-11-18,5.22,5.34,1133.98,1103.53,1103.53
2021-09-27,4.85,4.97,1197.97,1165.53,1165.53
2021-11-17,5.27,5.39,1120.84,1090.75,1090.75
2021-07-29,4.23,4.35,1343.89,1307.71,1307.1
2021-08-25,4.71,4.83,1217.86,1185.33,1184.9
2021-08-23,4.8,4.92,1192.51,1160.67,1160.25
2022-05-16,5.72,5.84,1104.79,1076.02,1076.02
2022-05-20,5.64,5.76,1126.11,1096.47,1096.47
2022-06-01,5.72,5.84,1111.18,1082.26,1082.26
2022-05-23,5.61,5.73,1133.87,1104.35,1104.35
2021-05-28,4.22,4.34,1318.38,1282.64,1281.55
2021-05-06,4.2,4.32,1314.9,1279.15,1278.81
2021-04-06,4.08,4.2,1342.21,1305.55,1304.9
2021-11-19,5.19,5.31,1142.93,1111.51,1111.51
2021-11-25,5.14,5.26,1158.16,1127.07,1127.07
2021-09-06,4.73,4.85,1217.98,1185.5,1184.77
2021-10-28,5.53,5.65,1046.0,1017.92,1017.92
2021-11-23,5.26,5.38,1126.47,1096.24,1096.24
2021-08-30,4.57,4.69,1259.49,1225.82,1225.33
2021-09-13,4.65,4.77,1245.14,1211.36,1211.36
2022-05-24,5.73,5.85,1105.17,1076.42,1076.42
2022-03-18,5.82,5.94,1045.11,1016.97,1016.97
2022-06-03,5.75,5.87,1105.32,1076.16,1076.16
2021-04-29,4.02,4.14,1368.48,1331.18,1330.84
2021-07-01,4.15,4.27,1355.35,1318.72,1318.24
2021-04-09,4.09,4.21,1340.67,1304.07,1302.69
2021-04-20,4.18,4.3,1316.99,1281.11,1280.57
2021-08-06,4.45,4.57,1283.5,1249.05,1247.71
2021-11-24,5.18,5.3,1147.3,1116.5,1116.5
2021-08-19,4.95,5.07,1151.59,1120.88,1120.46
2021-11-04,5.2,5.32,1129.28,1098.9,1098.9
2021-08-11,4.46,4.58,1282.74,1248.34,1247.73
2021-08-27,4.6,4.72,1250.49,1217.07,1216.07
2021-12-29,5.17,5.29,1166.25,1135.22,1135.22
2022-01-20,5.65,5.77,1057.97,1030.05,1030.05
2022-03-22,5.75,5.87,1062.31,1034.33,1034.33
2022-05-03,5.66,5.78,1111.59,1082.41,1082.41
2022-02-21,5.72,5.84,1053.95,1026.08,1026.08
2022-03-23,5.64,5.76,1088.69,1059.99,1059.99
2021-06-02,4.16,4.28,1338.51,1302.22,1301.41
2021-05-25,4.2,4.32,1322.24,1286.37,1285.86
2021-06-01,4.13,4.25,1346.92,1310.38,1309.87
2021-11-26,5.21,5.33,1142.1,1110.63,1110.63
2021-08-17,4.75,4.87,1203.88,1171.7,1171.27
2021-08-24,4.75,4.87,1206.48,1174.26,1173.83
2021-09-09,4.88,5.0,1180.52,1149.09,1148.55
2018-03-16,5.08,5.2,801.17,776.79,776.53
2018-06-14,5.81,5.93,678.06,657.75,657.51
2018-07-27,5.74,5.86,704.74,683.71,683.36
2018-07-11,5.71,5.83,706.31,685.19,684.75
2018-05-14,5.42,5.54,742.26,719.88,719.67
2018-07-05,5.74,5.86,698.5,677.61,677.18
2018-03-08,5.09,5.21,797.53,773.25,773.0
2018-07-24,5.75,5.87,702.15,681.19,680.97
2018-10-08,5.47,5.59,766.2,743.45,743.17
2018-08-13,5.94,6.06,672.91,652.91,652.68
2018-08-15,5.73,5.85,709.87,688.73,688.57
2018-10-05,5.62,5.74,737.6,715.72,715.22
2017-10-20,5.05,5.17,778.95,754.91,754.43
2017-10-26,5.17,5.29,756.04,732.74,732.48
2017-11-27,5.41,5.53,715.97,694.02,693.79
2018-02-26,5.09,5.21,795.58,771.33,771.06
2018-05-09,5.48,5.6,730.61,708.58,708.36
2018-05-16,5.41,5.53,744.65,722.2,721.96
2018-04-02,5.19,5.31,780.84,757.14,756.95
2018-04-19,5.24,5.36,773.4,749.98,749.75
2018-07-30,5.73,5.85,706.74,685.66,685.44
2018-03-15,5.08,5.2,800.9,776.53,776.34
2018-04-27,5.25,5.37,773.03,749.64,749.28
2018-04-20,5.26,5.38,769.84,746.54,746.15
2018-08-09,5.79,5.91,698.21,677.42,677.19
2018-11-20,5.12,5.24,845.95,820.85,820.7
2018-08-22,5.83,5.95,693.03,672.42,672.26
2018-08-27,5.61,5.73,732.95,711.12,710.96
2017-12-04,5.44,5.56,711.78,689.98,689.75
2018-03-05,5.07,5.19,800.9,776.5,776.25
2017-10-31,5.27,5.39,737.59,714.89,714.63
2017-11-23,5.35,5.47,726.82,704.52,704.26
2017-10-02,5.07,5.19,771.21,747.36,747.19
2018-05-21,5.56,5.68,717.58,695.99,695.75
2018-05-18,5.5,5.62,728.4,706.46,706.05
2018-05-10,5.42,5.54,741.73,719.36,719.15
2018-05-11,5.37,5.49,751.59,728.91,728.6
2018-03-20,5.1,5.22,797.44,773.19,772.99
2018-04-05,5.19,5.31,781.41,757.7,757.52
2018-04-23,5.27,5.39,768.02,744.78,744.56
2018-04-25,5.37,5.49,749.05,726.41,726.19
2018-03-26,5.09,5.21,800.31,775.98,775.79
2018-10-09,5.5,5.62,760.73,738.15,737.87
2018-08-23,5.62,5.74,730.85,709.08,708.91
2018-12-11,5.16,5.28,838.5,813.69,813.58
2018-08-28,5.68,5.8,720.29,698.85,698.7
2017-10-03,5.07,5.19,771.38,747.53,747.36
2018-02-14,5.16,5.28,778.76,755.01,754.78
2017-11-16,5.45,5.57,706.63,684.96,684.7
2017-10-09,5.06,5.18,774.6,750.67,750.47
2018-08-01,5.76,5.88,701.86,680.93,680.71
2018-04-13,5.28,5.4,764.56,741.4,741.13
2018-03-22,5.08,5.2,801.94,777.56,777.37
2018-04-04,5.33,5.45,753.64,730.8,730.62
2018-05-04,5.37,5.49,750.76,728.08,727.73
2018-06-05,5.83,5.95,671.98,651.83,651.64
2018-04-24,5.27,5.39,768.25,745.01,744.78
2018-04-03,5.18,5.3,783.04,759.28,759.09
2018-05-17,5.37,5.49,752.54,729.84,729.6
2018-12-28,5.03,5.15,868.79,843.1,842.62
2019-01-03,4.95,5.07,886.76,860.53,860.33
2018-10-31,5.16,5.28,834.29,809.51,809.2
2019-01-09,4.79,4.91,923.9,896.54,896.34
2017-11-14,5.35,5.47,724.98,702.71,702.35
2017-12-01,5.48,5.6,704.2,682.63,682.24
2017-10-23,5.07,5.19,775.22,751.3,751.04
2017-12-15,5.5,5.62,702.55,681.07,680.75
2018-02-08,5.15,5.27,780.02,756.22,756.0
2017-12-06,5.47,5.59,706.74,685.1,684.87
2018-05-07,5.33,5.45,758.7,735.78,735.56
2018-04-17,5.24,5.36,772.92,749.51,749.28
2018-05-24,5.56,5.68,718.3,696.69,696.46
2018-04-09,5.33,5.45,754.26,731.42,731.23
2018-03-28,5.14,5.26,790.46,766.45,766.26
2018-04-30,5.29,5.41,765.45,742.31,742.01
2018-03-12,5.05,5.17,806.42,781.87,781.62
2018-11-26,5.06,5.18,859.28,833.79,833.64
2018-12-05,5.11,5.23,849.53,824.36,824.22
2018-12-06,5.22,5.34,826.58,802.12,801.98
2017-12-20,5.48,5.6,706.83,685.23,685.02
2017-12-26,5.48,5.6,707.62,686.0,685.8
2018-01-22,5.16,5.28,774.88,751.2,750.96
2018-01-09,5.36,5.48,732.17,709.81,709.6
2018-01-10,5.38,5.5,729.75,707.46,707.21
2018-04-16,5.25,5.37,770.7,747.36,747.12
2018-05-08,5.35,5.47,755.06,732.26,732.03
2018-05-15,5.55,5.67,718.28,696.65,696.41
2018-05-28,5.59,5.71,713.03,691.59,691.39
2018-06-13,5.91,6.03,660.85,641.07,640.84
2018-03-21,5.18,5.3,781.38,757.63,757.45
2018-06-04,5.62,5.74,708.59,687.3,687.1
2018-03-29,5.23,5.35,772.67,749.22,748.94
2018-04-11,5.35,5.47,750.51,727.79,727.61
2018-11-19,5.12,5.24,845.95,820.85,820.54
2018-12-10,5.18,5.3,834.2,809.52,809.41
2018-12-26,5.01,5.13,872.47,846.65,846.46
2017-11-17,5.38,5.5,720.38,698.27,697.52
2017-11-21,5.36,5.48,724.4,702.17,701.9
2018-02-21,5.09,5.21,794.54,770.31,770.05
2018-05-02,5.31,5.43,761.77,738.74,738.52
2018-07-03,5.76,5.88,694.09,673.33,672.9
2018-06-01,5.68,5.8,697.66,676.71,676.41
2018-06-18,5.98,6.1,650.53,631.08,630.75
2018-03-14,5.06,5.18,804.85,780.35,780.1
2018-04-06,5.31,5.43,757.95,734.99,734.74
2018-10-10,5.47,5.59,766.77,744.01,743.73
2018-10-26,5.23,5.35,818.81,794.49,793.91
2018-10-03,5.76,5.88,711.02,689.95,689.7
2018-08-07,5.66,5.78,720.85,699.35,699.13
2018-10-11,5.41,5.53,779.08,755.95,755.3
2019-01-10,4.73,4.85,938.1,910.31,910.11
2018-12-04,5.17,5.29,836.7,811.93,811.79
2018-02-06,5.17,5.29,776.12,752.44,752.19
2017-09-18,5.06,5.18,771.55,747.65,747.44
2018-02-22,5.11,5.23,790.72,766.61,766.35
2018-01-19,5.14,5.26,778.66,754.85,754.44
2018-02-27,5.07,5.19,799.71,775.33,775.09
2018-07-12,5.73,5.85,703.19,682.18,681.74
2018-06-20,5.76,5.88,688.53,667.91,667.56
2018-06-22,5.9,6.02,665.61,645.71,644.99
2018-06-11,5.74,5.86,689.48,668.8,668.57
2018-07-13,5.77,5.89,696.93,676.11,675.32
2018-06-29,5.86,5.98,675.89,655.68,654.72
2018-09-14,5.83,5.95,695.0,674.38,674.1
2018-11-16,5.11,5.23,847.76,822.61,822.48
2018-11-27,5.17,5.29,836.02,811.25,811.11
2018-12-12,5.1,5.22,851.31,826.11,826.0
2018-11-01,5.16,5.28,835.04,810.23,809.51
2018-12-07,5.08,5.2,855.26,829.93,829.93
2018-09-06,5.8,5.92,699.42,678.65,678.58
2017-09-28,5.06,5.18,772.83,748.93,748.76
2018-01-15,5.23,5.35,759.6,736.39,736.15
2018-01-18,5.2,5.32,766.25,742.83,742.59
2017-10-30,5.17,5.29,756.81,733.49,733.23
2018-07-06,5.8,5.92,689.53,668.92,667.5
2018-06-12,5.86,5.98,669.04,649.01,648.77
2018-07-02,5.79,5.91,688.4,667.82,667.39
2018-07-10,5.72,5.84,704.07,683.02,682.59
2018-09-12,5.78,5.9,703.35,682.48,682.34
2018-09-21,5.85,5.97,692.81,672.28,671.91
2018-09-28,5.95,6.07,677.23,657.19,656.77
2018-09-04,5.84,5.96,692.64,672.07,671.92
2018-09-17,5.93,6.05,678.0,657.91,657.69
2018-12-17,5.06,5.18,860.35,834.89,834.69
2018-12-27,5.02,5.14,870.48,844.74,844.54
2018-12-19,5.01,5.13,871.59,845.79,845.6
2018-12-20,5.01,5.13,871.79,845.99,845.79
2019-01-02,4.95,5.07,886.56,860.33,860.13
2018-02-09,5.15,5.27,780.54,756.73,756.22
2017-10-16,5.12,5.24,763.56,739.99,739.74
2018-02-16,5.08,5.2,795.79,771.51,771.02
2018-02-19,5.04,5.16,804.33,779.78,779.51
2018-03-07,5.11,5.23,793.18,769.03,768.79
2018-06-27,5.86,5.98,674.47,654.31,653.89
2018-03-19,5.07,5.19,803.43,778.99,778.79
2018-06-28,5.88,6.0,671.49,651.42,651.01
2018-12-14,5.11,5.23,849.45,824.31,824.15
2018-12-21,5.02,5.14,870.09,844.34,843.87
2018-09-11,5.91,6.03,680.63,660.44,660.31
2018-09-13,5.83,5.95,694.71,674.1,673.97
2018-11-28,5.08,5.2,855.26,829.9,829.76
2018-11-09,5.28,5.4,811.39,787.33,786.83
2018-11-30,5.09,5.21,853.36,828.07,827.97
2018-11-13,5.19,5.31,830.51,805.87,805.59
2018-11-14,5.22,5.34,824.55,800.1,799.83
2018-10-24,5.26,5.38,811.77,787.65,787.35
2017-11-01,5.24,5.36,743.76,720.87,720.5
2017-11-13,5.39,5.51,717.11,695.09,694.85
2017-10-11,5.06,5.18,775.03,751.09,750.86
2017-11-29,5.37,5.49,723.93,701.73,701.5
2017-12-22,5.42,5.54,718.49,696.52,696.14
2018-05-03,5.29,5.41,765.9,742.76,742.53
2018-05-22,5.51,5.63,727.03,705.14,704.9
2018-03-13,5.07,5.19,802.52,778.1,777.85
2018-11-08,5.23,5.35,821.12,796.75,796.47
2018-11-23,5.03,5.15,865.72,840.03,839.9
2018-11-29,5.17,5.29,836.31,811.54,811.39
2018-12-03,5.06,5.18,859.96,834.46,834.32
2018-10-15,5.42,5.54,777.41,754.33,754.05
2018-01-24,5.19,5.31,769.72,746.21,745.72
2017-11-24,5.4,5.52,717.6,695.59,695.19
2017-11-07,5.34,5.46,725.64,703.34,703.08
2018-01-26,4.95,5.07,819.54,794.45,794.0
2017-12-21,5.45,5.57,712.56,690.77,690.57
2018-01-11,5.36,5.48,733.78,711.38,711.13
2017-09-26,5.07,5.19,770.46,746.63,746.46
2017-10-13,5.09,5.21,769.31,745.56,745.22
2018-01-08,5.35,5.47,733.86,711.43,711.22
2018-02-28,5.08,5.2,797.9,773.58,773.34
2017-09-21,5.03,5.15,778.28,754.18,753.98
2018-06-15,5.95,6.07,655.15,635.55,634.85
2018-07-31,5.75,5.87,703.41,682.43,682.21
2018-08-02,5.77,5.89,700.31,679.43,679.21
2018-07-19,5.85,5.97,683.92,663.52,663.29
2018-09-05,5.87,5.99,687.59,667.18,667.03
2018-10-23,5.23,5.35,817.49,793.2,792.91
2018-09-19,5.92,6.04,680.16,660.01,659.78
2018-12-24,5.03,5.15,867.91,842.24,842.01
2018-01-12,5.27,5.39,751.54,728.58,728.12
2017-10-24,5.07,5.19,775.5,751.57,751.3
2018-01-29,5.02,5.14,805.07,780.44,780.19
2018-01-16,5.27,5.39,752.02,729.04,728.81
2017-09-27,5.07,5.19,770.64,746.8,746.63
2018-01-02,5.44,5.56,716.01,694.14,693.93
2017-09-20,5.05,5.17,774.0,750.03,749.82
2018-01-30,5.02,5.14,805.32,780.7,780.44
2018-07-23,5.74,5.86,703.7,682.69,682.48
2018-04-10,5.31,5.43,758.07,735.1,734.93
2018-06-19,5.96,6.08,654.17,634.61,634.28
2018-08-03,5.69,5.81,714.96,693.63,693.28
2019-01-04,4.98,5.1,880.38,854.34,854.09
2018-08-20,5.62,5.74,730.35,708.59,708.42
2018-12-18,5.03,5.15,867.04,841.37,841.18
2018-08-31,5.8,5.92,699.32,678.54,678.39
2018-01-17,5.19,5.31,767.99,744.52,744.28
2018-02-15,5.16,5.28,779.03,755.27,755.01
2017-09-19,5.04,5.16,775.82,751.79,751.58
2018-01-31,5.04,5.16,801.42,776.92,776.67
2017-10-25,5.14,5.26,761.71,738.23,737.97
2017-09-22,5.03,5.15,778.23,754.14,753.92
2017-11-03,5.31,5.43,730.81,708.33,707.85
2018-08-06,5.64,5.76,724.27,702.66,702.44
2018-04-12,5.26,5.38,768.21,744.93,744.76
2018-04-26,5.28,5.4,766.74,743.55,743.33
2018-03-27,5.13,5.25,792.3,768.24,768.05
2018-07-17,5.86,5.98,681.73,661.39,661.16
2019-01-07,4.85,4.97,909.71,882.78,882.58
2019-01-08,4.8,4.92,921.38,894.1,893.9
2018-08-24,5.65,5.77,725.44,703.84,703.68
2018-09-24,5.96,6.08,674.37,654.41,654.17
2018-02-01,5.04,5.16,802.14,777.62,776.92
2017-09-29,5.07,5.19,771.03,747.19,746.97
2018-02-20,5.05,5.17,802.52,778.04,777.77
2018-02-23,5.04,5.16,805.65,781.07,780.58
2017-11-28,5.39,5.51,719.94,697.87,697.63
2018-05-23,5.56,5.68,718.06,696.46,696.22
2018-05-25,5.48,5.6,733.08,711.01,710.7
2018-05-29,5.64,5.76,704.22,683.06,682.86
2018-03-23,5.12,5.24,793.99,769.86,769.6
2018-06-21,5.87,5.99,669.95,649.91,649.56
2018-07-16,5.78,5.9,695.41,674.64,674.41
2018-10-29,5.03,5.15,861.4,835.77,835.45
2018-10-01,5.95,6.07,677.47,657.43,657.19
2018-10-02,5.87,5.99,691.43,670.96,670.72
2018-09-25,6.0,6.12,667.89,648.13,647.89
2018-02-05,5.11,5.23,788.0,763.93,763.69
2017-10-10,5.02,5.14,782.95,758.75,758.56
2017-10-19,5.08,5.2,772.38,748.54,748.28
2018-02-07,5.12,5.24,786.47,762.46,762.21
2018-05-30,5.63,5.75,706.28,685.06,684.8
2018-04-18,5.24,5.36,773.16,749.75,749.51
2018-06-07,5.95,6.07,652.23,632.7,632.51
2018-06-06,5.89,6.01,662.03,642.19,642.0
2018-06-25,5.9,6.02,666.83,646.89,646.47
2018-06-26,5.78,5.9,687.84,667.25,666.83
2018-03-09,5.09,5.21,797.9,773.61,773.19
2018-07-18,5.8,5.92,692.38,671.71,671.48
2018-07-20,5.68,5.8,714.36,693.02,692.62
2018-10-18,5.3,5.42,802.1,778.27,777.98
2018-10-30,5.15,5.27,836.08,811.23,810.93
2018-08-29,5.78,5.9,702.54,681.65,681.5
2018-08-14,5.62,5.74,729.67,707.92,707.69
2017-10-06,5.14,5.26,758.37,734.95,734.68
2017-11-08,5.32,5.44,729.7,707.26,707.01
2017-11-22,5.35,5.47,726.55,704.26,703.99
2018-03-02,5.1,5.22,794.48,770.28,769.85
2018-03-06,5.06,5.18,803.22,778.75,778.51
2018-06-08,5.85,5.97,670.27,650.18,649.78
2018-07-25,5.72,5.84,707.72,686.59,686.37
2018-07-26,5.75,5.87,702.6,681.63,681.41
2018-07-04,5.79,5.91,689.28,668.67,668.24
2017-07-24,5.26,5.38,723.26,700.78,700.61
2017-07-05,5.58,5.7,663.57,642.97,642.87
2017-07-10,5.57,5.69,665.21,644.57,644.48
2017-07-11,5.61,5.73,658.35,637.93,637.84
2017-08-25,5.23,5.35,735.26,712.48,712.06
2017-04-07,5.25,5.37,712.56,690.18,689.87
2017-04-10,5.22,5.34,718.47,695.91,695.71
2017-05-31,5.48,5.6,678.3,657.15,656.9
2017-06-01,5.52,5.64,671.42,650.5,650.25
2017-06-02,5.6,5.72,657.84,637.36,636.92
2017-06-07,5.67,5.79,646.53,626.43,626.19
2017-08-30,5.22,5.34,737.92,715.06,714.83
2017-07-03,5.56,5.68,666.86,646.15,646.04
2017-07-21,5.25,5.37,724.99,702.46,702.24
2017-03-21,5.08,5.2,742.45,719.06,718.87
2017-04-04,5.16,5.28,729.05,706.13,705.93
2017-04-03,5.13,5.25,734.7,711.59,711.39
2017-04-05,5.15,5.27,731.2,708.21,708.01
2017-04-06,5.2,5.32,721.73,699.05,698.85
2017-05-29,5.55,5.67,665.38,644.65,644.41
2017-06-12,5.67,5.79,646.43,626.34,626.13
2017-05-30,5.49,5.61,676.26,655.18,654.93
2017-06-23,5.61,5.73,657.71,637.28,637.21
2017-06-08,5.77,5.89,629.97,610.4,610.16
2017-09-01,5.18,5.3,746.38,723.26,722.84
2017-08-01,5.26,5.38,724.32,701.83,701.66
2017-07-12,5.56,5.68,667.15,646.45,646.35
2017-07-27,5.26,5.38,723.77,701.28,701.11
2017-09-04,5.19,5.31,744.66,721.6,721.36
2017-03-20,5.15,5.27,728.52,705.58,705.39
2017-03-07,5.1,5.22,736.68,713.44,713.19
2017-03-09,5.18,5.3,721.62,698.88,698.63
2017-03-31,5.18,5.3,724.77,701.98,701.68
2017-03-22,5.18,5.3,723.1,700.35,700.15
2017-03-28,5.16,5.28,727.93,705.03,704.83
2017-05-25,5.57,5.69,661.19,640.58,640.34
2017-04-17,5.27,5.39,709.94,687.67,687.48
2017-04-24,5.29,5.41,706.98,684.82,684.64
2017-05-23,5.64,5.76,648.64,628.43,628.19
2017-06-05,5.71,5.83,639.28,619.4,619.16
2017-06-21,5.55,5.67,668.0,647.23,647.12
2017-06-20,5.52,5.64,673.19,652.24,652.13
2017-06-19,5.55,5.67,667.77,647.0,646.88
2017-08-24,5.24,5.36,732.91,710.2,709.96
2017-09-25,5.07,5.19,770.29,746.46,746.28
2018-03-01,5.15,5.27,783.87,760.0,759.75
2017-12-08,5.46,5.58,708.67,686.98,686.64
2017-11-09,5.3,5.42,733.77,711.21,710.95
2017-03-23,5.21,5.33,717.58,695.01,694.81
2017-03-24,5.18,5.3,723.66,700.89,700.58
2017-03-29,5.16,5.28,728.13,705.23,705.03
2017-05-22,5.72,5.84,634.85,615.08,614.84
2017-05-24,5.49,5.61,675.06,654.0,653.76
2017-05-12,5.2,5.32,726.61,703.85,703.61
2017-05-17,4.97,5.09,773.2,748.94,748.67
2017-06-09,5.66,5.78,647.93,627.78,627.46
2017-06-16,5.59,5.71,660.66,640.11,640.05
2017-06-06,5.73,5.85,636.16,616.38,616.15
2017-09-15,5.05,5.17,773.36,749.41,749.08
2017-12-19,5.5,5.62,702.97,681.49,681.28
2017-10-04,5.05,5.17,775.61,751.63,751.46
2017-10-05,5.1,5.22,765.69,742.04,741.86
2017-11-30,5.44,5.56,711.13,689.34,689.11
2017-03-06,5.08,5.2,740.37,717.0,716.75
2017-05-19,6.01,6.13,587.93,569.67,569.26
2017-04-28,5.4,5.52,687.47,665.95,665.67
2017-04-27,5.38,5.5,690.83,669.2,669.02
2017-05-10,5.3,5.42,707.17,685.04,684.87
2017-06-14,5.69,5.81,643.42,623.43,623.25
2017-06-26,5.61,5.73,657.7,637.27,637.16
2017-06-22,5.58,5.7,662.86,642.26,642.14
2017-06-13,5.63,5.75,653.49,633.17,632.96
2017-10-17,5.09,5.21,769.84,746.07,745.82
2017-12-27,5.42,5.54,718.91,696.94,696.73
2017-12-07,5.51,5.63,699.68,678.27,678.05
2018-01-04,5.37,5.49,729.52,707.23,707.02
2017-02-13,5.21,5.33,710.9,688.46,688.23
2017-03-10,5.14,5.26,729.11,706.13,705.74
2017-02-08,5.34,5.46,685.78,664.14,663.92
2017-05-11,5.25,5.37,716.79,694.35,694.18
2017-05-03,5.35,5.47,697.0,675.18,675.0
2017-05-02,5.38,5.5,691.3,669.66,669.49
2017-05-05,5.36,5.48,695.59,673.83,673.58
2017-08-02,5.28,5.4,720.7,698.32,698.16
2017-07-13,5.55,5.67,669.0,648.24,648.15
2017-07-31,5.31,5.43,714.7,692.51,692.34
2017-08-28,5.21,5.33,739.37,716.46,716.22
2017-08-07,5.12,5.24,752.26,728.88,728.71
2017-12-14,5.47,5.59,707.7,686.05,685.84
2018-01-03,5.37,5.49,729.31,707.02,706.81
2018-01-23,5.19,5.31,769.13,745.63,745.39
2017-02-14,5.22,5.34,709.23,686.85,686.62
2017-02-09,5.27,5.39,698.96,676.9,676.67
2017-03-03,5.11,5.23,734.19,711.03,710.55
2017-05-09,5.31,5.43,705.24,683.17,682.99
2017-04-25,5.38,5.5,690.47,668.85,668.67
2017-04-18,5.26,5.38,712.03,689.69,689.5
2017-08-09,5.2,5.32,737.79,714.89,714.69
2017-08-04,5.17,5.29,742.25,719.19,718.98
2017-08-21,5.22,5.34,736.27,713.45,713.18
2017-08-23,5.24,5.36,732.96,710.25,709.98
2017-12-05,5.48,5.6,704.67,683.1,682.87
2017-10-18,5.06,5.18,776.17,752.2,751.94
2017-12-13,5.44,5.56,713.0,691.18,690.97
2017-12-29,5.44,5.56,715.8,693.93,693.55
2017-02-10,5.21,5.33,710.67,688.23,687.84
2017-02-17,5.32,5.44,691.53,669.73,669.25
2017-03-08,5.12,5.24,733.01,709.9,709.64
2017-05-08,5.34,5.46,699.47,677.59,677.41
2017-05-18,5.97,6.09,593.73,575.28,575.05
2017-04-12,5.27,5.39,709.38,687.12,686.92
2017-05-26,5.52,5.64,670.43,649.53,649.08
2017-07-04,5.61,5.73,658.25,637.82,637.72
2017-08-10,5.23,5.35,732.2,709.48,709.28
2017-08-11,5.23,5.35,732.52,709.79,709.48
2017-08-16,5.21,5.33,737.13,714.27,714.0
2018-01-05,5.36,5.48,731.75,709.39,709.06
2017-10-27,5.29,5.41,733.23,710.66,710.19
2017-11-06,5.32,5.44,729.17,706.75,706.49
2017-12-28,5.44,5.56,715.8,693.93,693.34
2017-12-12,5.5,5.62,701.79,680.32,680.11
2017-02-20,5.27,5.39,701.09,678.98,678.73
2017-02-15,5.22,5.34,709.49,687.1,686.85
2017-02-16,5.25,5.37,704.09,681.88,681.62
2017-02-22,5.18,5.3,718.69,696.01,695.75
2017-04-20,5.29,5.41,706.92,684.76,684.41
2017-04-11,5.21,5.33,720.59,697.96,697.76
2017-05-04,5.36,5.48,695.34,673.58,673.4
2017-04-19,5.28,5.4,708.45,686.23,686.04
2017-09-05,5.13,5.25,756.73,733.28,733.04
2017-06-27,5.62,5.74,656.07,635.7,635.59
2017-08-17,5.21,5.33,737.41,714.54,714.27
2017-09-08,5.02,5.14,778.34,754.21,753.92
2017-11-10,5.35,5.47,724.36,702.11,701.68
2017-12-11,5.45,5.57,710.72,688.97,688.76
2017-12-18,5.46,5.58,710.08,688.36,688.16
2017-09-14,5.03,5.15,777.09,753.01,752.82
2017-03-13,5.09,5.21,739.15,715.84,715.61
2017-02-21,5.25,5.37,705.11,682.87,682.62
2017-05-15,5.13,5.25,740.5,717.3,717.04
2017-05-16,5.06,5.18,754.66,731.0,730.74
2017-04-26,5.44,5.56,679.75,658.47,658.3
2017-04-13,5.25,5.37,713.53,691.14,690.78
2017-09-12,5.01,5.13,780.78,756.58,756.38
2017-09-06,5.07,5.19,767.89,744.09,743.85
2017-08-03,5.19,5.31,738.14,715.2,715.03
2017-08-22,5.23,5.35,734.62,711.85,711.58
2017-08-18,5.2,5.32,739.88,716.93,716.41
2017-03-14,5.16,5.28,725.69,702.83,702.6
2017-02-23,5.12,5.24,730.51,707.45,707.2
2017-03-27,5.2,5.32,720.01,697.36,697.17
2017-03-15,5.22,5.34,714.36,691.87,691.68
2017-09-11,5.0,5.12,782.64,758.37,758.17
2017-07-07,5.6,5.72,659.9,639.42,639.43
2017-07-20,5.31,5.43,713.53,691.35,691.17
2017-07-25,5.28,5.4,719.63,697.27,697.1
2017-03-16,5.17,5.29,724.15,701.34,701.15
2017-03-30,5.17,5.29,726.39,703.55,703.35
2017-02-24,5.12,5.24,731.22,708.15,707.45
2017-03-01,5.13,5.25,729.53,706.51,706.26
2017-03-17,5.16,5.28,726.38,703.51,703.21
2017-08-29,5.25,5.37,731.89,709.23,708.99
2017-08-31,5.24,5.36,734.3,711.56,711.32
2017-09-13,5.01,5.13,780.98,756.78,756.58
2017-06-30,5.56,5.68,666.75,646.04,646.01
2017-03-02,5.09,5.21,737.64,714.36,714.1
2017-08-14,5.24,5.36,730.8,708.13,707.93
2017-06-28,5.66,5.78,649.31,629.15,629.05
2017-06-29,5.49,5.61,679.12,658.01,657.91
2017-07-06,5.62,5.74,656.73,636.36,636.25
2017-08-15,5.27,5.39,725.34,702.85,702.58
2017-07-17,5.5,5.62,678.2,657.15,656.97
2017-07-19,5.35,5.47,705.87,683.94,683.75
2017-07-26,5.32,5.44,712.26,690.15,689.98
2017-08-08,5.16,5.28,744.55,721.42,721.25
2017-07-28,5.27,5.39,722.08,699.66,699.44
2017-07-14,5.54,5.66,670.93,650.11,649.94
2017-07-18,5.46,5.58,685.56,664.27,664.09
2020-11-18,4.13,4.25,1255.2,1220.41,1220.02
2021-01-05,3.4,3.52,1521.97,1479.71,1478.93
2020-12-18,3.51,3.63,1472.13,1431.23,1429.29
2020-05-22,4.31,4.43,1153.54,1120.99,1121.2
2020-06-17,4.0,4.12,1242.58,1207.51,1207.23
2020-05-26,4.11,4.23,1210.09,1175.89,1175.84
2020-09-08,3.75,3.87,1340.56,1302.97,1302.69
2020-10-14,4.04,4.16,1265.46,1230.22,1229.76
2020-10-19,4.05,4.17,1264.38,1229.19,1228.74
2020-10-16,4.12,4.24,1243.27,1208.69,1207.75
2020-10-09,4.13,4.25,1238.01,1203.55,1202.33
2020-09-25,3.97,4.09,1278.66,1242.96,1242.15
2021-01-20,3.71,3.83,1425.2,1385.81,1385.49
2020-12-02,3.94,4.06,1319.66,1283.08,1282.55
2020-12-30,3.4,3.52,1520.38,1478.15,1474.88
2021-01-26,3.72,3.84,1423.44,1384.13,1383.81
2020-05-07,4.35,4.47,1143.53,1111.22,1111.1
2020-05-08,4.47,4.59,1110.21,1078.88,1079.02
2020-10-15,4.12,4.24,1242.31,1207.75,1207.3
2020-10-20,4.01,4.13,1276.8,1241.26,1240.81
2020-09-18,3.9,4.02,1296.89,1260.62,1260.11
2020-10-21,4.02,4.14,1274.26,1238.8,1238.35
2020-09-28,3.93,4.05,1291.2,1255.14,1254.74
2020-09-29,4.19,4.31,1214.79,1180.96,1180.57
2020-09-11,3.79,3.91,1329.33,1292.09,1291.59
2020-09-15,3.8,3.92,1326.79,1289.64,1289.34
2020-11-25,4.16,4.28,1250.15,1215.53,1215.02
2020-12-04,3.86,3.98,1346.43,1309.09,1307.89
2021-02-01,3.51,3.63,1496.91,1455.52,1455.17
2020-06-25,4.17,4.29,1195.06,1161.41,1161.14
2020-06-12,4.06,4.18,1224.06,1189.52,1189.76
2020-05-25,4.18,4.3,1189.97,1156.35,1156.3
2020-06-18,4.04,4.16,1231.06,1196.33,1196.05
2020-09-16,3.83,3.95,1317.7,1280.83,1280.52
2020-09-17,3.9,4.02,1296.37,1260.11,1259.81
2020-10-22,4.05,4.17,1265.76,1230.55,1230.1
2020-08-12,3.7,3.82,1350.43,1312.45,1312.1
2020-11-04,4.13,4.25,1248.53,1213.87,1213.35
2020-07-30,3.54,3.66,1399.09,1359.62,1359.26
2020-11-27,4.05,4.17,1284.49,1248.9,1247.75
2021-01-22,3.78,3.9,1403.31,1364.58,1363.69
2020-12-11,3.71,3.83,1399.8,1360.95,1359.54
2021-02-03,3.57,3.69,1476.76,1435.96,1435.62
2020-06-19,4.05,4.17,1228.59,1193.94,1193.48
2020-06-02,4.2,4.32,1183.74,1150.34,1150.31
2020-05-06,4.37,4.49,1137.96,1105.81,1105.7
2020-06-24,4.12,4.24,1209.1,1175.03,1174.75
2020-10-26,4.11,4.23,1250.27,1215.52,1215.0
2020-10-27,4.13,4.25,1244.93,1210.34,1209.83
2020-11-05,4.11,4.23,1254.93,1220.09,1219.57
2021-01-06,3.51,3.63,1483.96,1442.81,1442.04
2020-11-23,4.21,4.33,1233.46,1199.32,1198.93
2021-02-12,3.62,3.74,1462.57,1422.23,1421.01
2021-02-08,3.55,3.67,1485.01,1444.0,1443.65
2020-12-08,3.85,3.97,1351.98,1314.49,1313.9
2020-06-23,4.11,4.23,1211.7,1177.55,1177.27
2020-06-09,4.1,4.22,1212.08,1177.87,1177.85
2020-06-26,4.09,4.21,1218.8,1184.47,1183.95
2020-10-29,4.18,4.3,1231.44,1197.25,1196.74
2020-10-30,4.18,4.3,1232.92,1198.7,1197.25
2020-10-01,4.1,4.22,1241.63,1207.03,1206.64
2020-11-06,4.06,4.18,1271.45,1236.14,1234.92
2021-01-15,3.57,3.69,1471.63,1430.89,1430.31
2020-11-24,4.2,4.32,1236.75,1202.52,1202.13
2021-02-10,3.64,3.76,1454.2,1414.08,1413.76
2021-01-27,3.74,3.86,1417.32,1378.19,1377.85
2021-01-12,3.65,3.77,1442.09,1402.18,1401.37
2020-12-28,3.44,3.56,1502.06,1460.34,1459.57
2021-03-03,4.0,4.12,1345.77,1308.85,1308.33
2020-12-09,3.81,3.93,1365.33,1327.46,1326.86
2020-06-10,4.08,4.2,1218.49,1184.1,1184.2
2020-06-15,4.08,4.2,1218.52,1184.14,1183.86
2020-04-22,4.1,4.22,1213.92,1179.48,1179.3
2020-06-16,3.97,4.09,1251.23,1215.9,1215.61
2020-11-11,4.06,4.18,1273.11,1237.77,1237.23
2020-11-09,3.9,4.02,1320.74,1284.01,1283.45
2020-08-10,3.51,3.63,1412.22,1372.41,1372.06
2021-02-26,3.8,3.92,1408.12,1369.4,1368.22
2021-01-08,3.52,3.64,1483.19,1442.07,1440.19
2020-12-01,4.0,4.12,1300.7,1264.66,1264.13
2020-11-19,4.2,4.32,1235.17,1200.97,1200.58
2021-02-18,3.64,3.76,1456.86,1416.7,1416.16
2021-02-23,3.73,3.85,1428.93,1389.59,1389.05
2021-01-13,3.57,3.69,1470.2,1429.48,1428.66
2020-05-13,4.61,4.73,1073.99,1043.74,1043.65
2020-05-15,4.62,4.74,1071.32,1041.16,1041.34
2020-05-28,4.28,4.4,1161.63,1128.86,1128.83
2020-07-31,3.4,3.52,1447.36,1406.48,1405.78
2020-09-21,4.12,4.24,1231.51,1197.16,1196.86
2020-08-17,3.77,3.89,1329.18,1291.84,1291.59
2021-01-28,3.7,3.82,1430.96,1391.45,1391.11
2021-02-05,3.55,3.67,1484.66,1443.65,1443.02
2020-12-10,3.74,3.86,1388.54,1350.01,1349.41
2020-12-16,3.53,3.65,1462.46,1421.82,1421.05
2021-02-17,3.68,3.8,1442.8,1403.03,1402.49
2021-02-11,3.58,3.7,1475.03,1434.32,1434.0
2020-12-15,3.57,3.69,1448.0,1407.77,1407.0
2020-05-19,4.47,4.59,1110.44,1079.13,1079.07
2020-06-03,4.16,4.28,1195.12,1161.39,1161.36
2020-06-22,4.1,4.22,1214.31,1180.08,1179.8
2020-08-20,3.83,3.95,1311.11,1274.31,1274.07
2020-08-25,3.68,3.8,1359.52,1321.33,1321.08
2020-09-24,4.07,4.19,1248.03,1213.21,1212.82
2020-11-16,4.03,4.15,1284.18,1248.54,1248.14
2021-02-09,3.6,3.72,1467.51,1427.01,1426.68
2021-03-18,3.72,3.84,1446.72,1406.99,1406.38
2020-11-30,4.01,4.13,1297.12,1261.18,1260.65
2021-03-01,3.9,4.02,1376.3,1338.5,1337.97
2020-12-29,3.42,3.54,1509.92,1467.98,1467.21
2021-03-05,3.83,3.95,1401.68,1363.17,1362.01
2020-05-14,4.77,4.89,1033.93,1004.86,1004.77
2020-06-04,4.13,4.25,1203.73,1169.75,1169.72
2020-05-18,4.52,4.64,1097.22,1066.3,1066.23
2020-11-03,4.13,4.25,1248.0,1213.35,1212.83
2020-11-17,4.12,4.24,1257.75,1222.88,1222.48
2020-09-30,4.14,4.26,1229.59,1195.33,1194.94
2020-09-14,3.77,3.89,1335.94,1298.52,1298.22
2021-02-24,3.77,3.89,1416.23,1377.26,1376.73
2021-03-12,3.79,3.91,1420.96,1381.94,1380.46
2020-12-21,3.55,3.67,1459.15,1418.64,1417.86
2020-12-03,3.94,4.06,1320.2,1283.61,1283.08
2021-01-29,3.58,3.7,1472.27,1431.58,1430.96
2021-02-04,3.51,3.63,1497.96,1456.56,1456.21
2020-12-07,3.81,3.93,1362.87,1325.06,1324.52
2020-04-13,4.58,4.7,1081.07,1050.52,1050.3
2020-04-16,4.37,4.49,1137.37,1105.17,1104.99
2020-04-15,4.52,4.64,1097.09,1066.07,1065.9
2020-09-02,3.71,3.83,1352.2,1314.26,1313.97
2020-10-28,4.23,4.35,1216.55,1182.79,1182.28
2020-09-03,3.72,3.84,1349.28,1311.43,1311.14
2020-12-22,3.47,3.59,1487.63,1446.3,1445.52
2021-01-14,3.58,3.7,1467.6,1426.96,1426.14
2021-02-25,3.9,4.02,1374.59,1336.82,1336.3
2021-02-19,3.69,3.81,1441.21,1401.5,1400.3
2020-12-17,3.49,3.61,1477.07,1436.02,1435.24
2021-03-02,3.99,4.11,1348.37,1311.37,1310.85
2020-04-17,4.23,4.35,1176.32,1142.98,1142.83
2020-10-23,4.04,4.16,1269.72,1234.4,1233.45
2020-08-11,3.62,3.74,1376.03,1337.29,1336.94
2020-10-06,4.1,4.22,1243.24,1208.61,1208.21
2020-09-09,3.7,3.82,1357.18,1319.11,1318.82
2020-09-10,3.73,3.85,1347.85,1310.07,1309.77
2020-11-20,4.14,4.26,1253.45,1218.72,1217.95
2020-11-26,4.14,4.26,1256.54,1221.75,1221.23
2021-01-07,3.49,3.61,1491.72,1450.35,1449.58
2020-05-27,4.23,4.35,1175.55,1142.37,1142.34
2020-07-27,3.56,3.68,1391.35,1352.09,1351.73
2020-06-30,4.07,4.19,1225.23,1190.72,1190.42
2020-08-05,3.38,3.5,1455.39,1414.29,1413.93
2020-08-06,3.51,3.63,1411.28,1371.49,1371.13
2020-08-07,3.46,3.58,1428.8,1388.5,1387.82
2020-11-10,3.9,4.02,1321.3,1284.57,1284.01
2020-11-12,4.04,4.16,1279.65,1244.13,1243.59
2020-10-02,4.01,4.13,1269.07,1233.68,1232.88
2021-02-02,3.58,3.7,1472.97,1432.27,1431.93
2021-02-22,3.83,3.95,1395.53,1357.14,1356.61
2021-01-11,3.62,3.74,1449.61,1409.47,1408.72
2021-03-15,3.76,3.88,1431.5,1392.19,1391.59
2020-07-16,3.73,3.85,1333.08,1295.48,1295.07
2020-04-08,4.73,4.85,1042.85,1013.41,1013.18
2020-07-02,3.96,4.08,1258.39,1222.92,1222.62
2020-08-13,3.65,3.77,1366.95,1328.48,1328.14
2020-08-14,3.81,3.93,1316.37,1279.39,1278.94
2020-08-19,3.61,3.73,1381.23,1342.37,1342.13
2020-08-31,3.72,3.84,1348.42,1310.58,1310.29
2020-08-28,3.67,3.79,1364.24,1325.92,1325.46
2020-10-08,4.23,4.35,1206.56,1173.0,1172.62
2020-11-13,4.1,4.22,1262.86,1227.83,1226.76
2020-08-03,3.4,3.52,1447.72,1406.84,1406.48
2021-03-04,3.71,3.83,1440.09,1400.48,1399.94
2021-03-17,3.79,3.91,1422.79,1383.74,1383.14
2020-12-23,3.45,3.57,1497.75,1456.15,1452.92
2021-03-11,3.69,3.81,1452.8,1412.87,1412.23
2021-01-04,3.38,3.5,1528.34,1485.88,1485.11
2020-07-17,3.64,3.76,1362.89,1324.42,1323.58
2020-07-28,3.53,3.65,1401.71,1362.15,1361.79
2020-04-27,4.51,4.63,1100.89,1069.8,1069.62
2020-07-03,3.92,4.04,1270.99,1235.16,1234.63
2020-09-01,3.75,3.87,1339.14,1301.57,1301.29
2020-08-18,3.63,3.75,1374.43,1335.76,1335.52
2020-08-21,3.68,3.8,1359.03,1320.83,1320.48
2021-03-08,3.75,3.87,1428.52,1389.26,1388.72
2021-03-10,3.74,3.86,1432.93,1393.56,1393.02
2021-03-16,3.73,3.85,1442.13,1402.52,1401.91
2021-01-21,3.68,3.8,1435.56,1395.88,1395.55
2020-07-20,3.58,3.7,1382.98,1343.93,1343.51
2020-04-14,4.57,4.69,1083.88,1053.24,1053.03
2020-07-01,4.01,4.13,1243.18,1208.15,1207.84
2020-08-24,3.6,3.72,1385.37,1346.42,1346.17
2020-08-26,3.7,3.82,1353.79,1315.77,1315.49
2020-08-27,3.68,3.8,1360.53,1322.32,1322.03
2020-10-07,4.19,4.31,1217.57,1183.69,1183.3
2020-09-04,3.65,3.77,1372.45,1333.93,1333.37
2020-09-22,4.02,4.14,1261.23,1226.02,1225.72
2020-09-23,4.02,4.14,1261.53,1226.32,1226.02
2021-03-09,3.82,3.94,1406.02,1367.4,1366.87
2020-12-14,3.62,3.74,1430.31,1390.59,1389.98
2021-01-18,3.6,3.72,1461.66,1421.22,1420.88
2021-01-19,3.58,3.7,1468.85,1428.21,1427.87
2020-04-20,4.24,4.36,1173.66,1140.41,1140.24
2020-06-01,4.25,4.37,1169.68,1136.68,1136.65
2020-06-05,4.07,4.19,1220.76,1186.28,1186.61
2020-10-05,4.22,4.34,1208.21,1174.59,1174.2
2020-08-04,3.4,3.52,1448.09,1407.2,1406.84
2020-10-13,4.05,4.17,1262.02,1226.87,1226.41
2019-05-16,4.3,4.42,1083.24,1051.44,1051.16
2019-05-17,4.32,4.44,1078.36,1046.7,1046.23
2019-01-24,4.56,4.68,983.11,953.99,953.17
2019-05-08,4.37,4.49,1062.42,1031.22,1030.83
2019-04-10,4.48,4.6,1024.56,994.42,994.0
2019-03-15,4.38,4.5,1040.87,1010.14,1009.5
2019-01-18,4.59,4.71,974.04,945.18,944.64
2019-04-01,4.4,4.52,1040.65,1009.98,1009.61
2019-07-25,3.57,3.69,1311.02,1272.54,1272.27
2019-10-10,3.41,3.53,1376.8,1336.67,1336.5
2019-08-28,3.71,3.83,1272.81,1235.65,1235.41
2019-10-18,3.2,3.32,1451.24,1408.9,1408.63
2018-10-04,5.84,5.96,697.15,676.51,676.27
2019-04-18,4.53,4.65,1015.21,985.38,984.5
2019-03-27,4.54,4.66,1003.49,973.94,973.59
2019-01-16,4.62,4.74,965.89,937.27,936.98
2019-04-02,4.43,4.55,1033.26,1002.82,1002.46
2019-01-31,4.46,4.58,1009.29,979.38,979.08
2019-02-08,4.55,4.67,988.46,959.22,958.75
2019-02-01,4.46,4.58,1009.84,979.92,979.38
2019-09-27,3.42,3.54,1372.44,1332.39,1332.16
2019-09-20,3.52,3.64,1338.22,1299.17,1298.86
2019-07-03,3.64,3.76,1284.13,1246.38,1246.21
2019-07-05,3.65,3.77,1281.25,1243.6,1243.46
2019-08-29,3.73,3.85,1266.78,1229.8,1229.56
2019-09-11,3.66,3.78,1291.0,1253.35,1253.12
2019-08-30,3.71,3.83,1273.4,1236.22,1235.88
2019-02-14,4.51,4.63,999.52,969.96,969.69
2019-04-08,4.45,4.57,1029.98,999.67,999.3
2019-01-25,4.59,4.71,975.75,946.85,946.32
2019-02-04,4.42,4.54,1020.33,990.09,989.8
2019-03-08,4.42,4.54,1027.75,997.39,996.85
2019-03-13,4.32,4.44,1055.6,1024.41,1024.07
2019-04-03,4.42,4.54,1036.21,1005.69,1005.32
2019-09-30,3.43,3.55,1369.25,1329.3,1329.11
2019-10-03,3.4,3.52,1380.02,1339.77,1339.57
2019-10-04,3.38,3.5,1387.08,1346.61,1346.39
2019-07-09,3.62,3.74,1291.19,1253.25,1253.08
2019-10-01,3.45,3.57,1362.71,1322.96,1322.76
2019-07-31,3.6,3.72,1302.57,1264.38,1264.1
2019-08-20,3.56,3.68,1319.47,1280.85,1280.6
2019-09-09,3.62,3.74,1303.36,1265.31,1265.08
2019-10-30,3.06,3.18,1504.2,1460.31,1460.09
2019-01-21,4.62,4.74,967.04,938.39,938.1
2019-02-15,4.45,4.57,1015.19,985.16,984.63
2019-04-11,4.56,4.68,1004.78,975.25,974.84
2019-04-15,4.58,4.7,1001.05,971.65,971.3
2019-04-25,4.51,4.63,1021.72,991.71,991.36
2019-02-06,4.51,4.63,998.17,968.62,968.32
2019-03-20,4.3,4.42,1062.91,1031.52,1031.18
2019-02-18,4.45,4.57,1015.49,985.45,985.16
2019-02-26,4.51,4.63,1002.38,972.77,972.48
2019-07-10,3.59,3.71,1301.48,1263.23,1263.04
2019-10-02,3.45,3.57,1362.9,1323.16,1322.96
2019-08-26,3.58,3.7,1313.92,1275.49,1275.25
2019-10-11,3.34,3.46,1400.91,1360.06,1359.93
2019-10-31,2.99,3.11,1530.66,1485.97,1485.75
2019-10-15,3.29,3.41,1418.68,1377.3,1377.09
2019-03-26,4.39,4.51,1040.93,1010.23,1009.9
2019-04-29,4.43,4.55,1043.71,1013.05,1012.66
2019-05-02,4.45,4.57,1039.53,1009.0,1008.62
2019-05-03,4.42,4.54,1048.12,1017.34,1016.54
2019-06-11,3.9,4.02,1201.13,1165.83,1165.59
2019-04-26,4.47,4.59,1032.99,1002.65,1001.87
2019-03-14,4.38,4.5,1040.22,1009.5,1009.17
2019-03-25,4.46,4.58,1022.57,992.43,992.1
2019-04-22,4.52,4.64,1018.1,988.19,987.83
2019-08-09,3.54,3.66,1324.07,1285.26,1284.84
2019-09-06,3.64,3.76,1296.71,1258.86,1258.54
2019-10-14,3.3,3.42,1414.97,1373.7,1373.54
2019-07-19,3.7,3.82,1268.33,1231.13,1230.67
2019-09-18,3.56,3.68,1324.52,1285.88,1285.65
2019-08-01,3.58,3.7,1309.33,1270.94,1270.66
2019-12-09,3.34,3.46,1418.78,1377.66,1377.12
2019-05-09,4.37,4.49,1062.81,1031.61,1031.22
2019-01-14,4.71,4.83,943.75,915.8,915.59
2019-05-06,4.4,4.52,1053.74,1022.79,1022.4
2019-02-27,4.5,4.62,1005.19,975.49,975.2
2019-07-22,3.68,3.8,1274.92,1237.52,1237.25
2019-11-07,2.96,3.08,1543.45,1498.41,1498.19
2019-07-26,3.62,3.74,1295.3,1257.31,1256.86
2019-10-17,3.26,3.38,1429.64,1387.95,1387.74
2019-10-09,3.43,3.55,1369.86,1329.93,1329.77
2019-10-22,3.16,3.28,1466.06,1423.29,1423.08
2019-09-03,3.69,3.81,1280.18,1242.81,1242.58
2019-10-23,3.16,3.28,1466.36,1423.58,1423.36
2020-02-12,3.25,3.37,1476.39,1433.86,1433.58
2019-12-12,3.22,3.34,1459.21,1416.89,1416.46
2019-02-28,4.46,4.58,1015.59,985.58,985.29
2019-05-27,4.23,4.35,1104.43,1072.01,1071.75
2019-02-11,4.59,4.71,978.89,949.95,949.68
2019-05-29,4.1,4.22,1141.23,1107.71,1107.44
2019-07-11,3.59,3.71,1301.67,1263.42,1263.23
2019-08-12,3.61,3.73,1301.55,1263.44,1263.18
2019-08-13,3.54,3.66,1324.59,1285.79,1285.53
2019-06-24,3.77,3.89,1242.29,1205.77,1205.59
2019-09-25,3.52,3.64,1338.56,1299.52,1299.32
2019-10-28,3.13,3.25,1478.0,1434.88,1434.66
2019-10-29,3.09,3.21,1492.88,1449.33,1449.11
2019-09-10,3.66,3.78,1290.78,1253.12,1252.89
2020-02-13,3.28,3.4,1465.92,1423.71,1423.43
2020-03-26,4.59,4.71,1076.11,1045.64,1045.41
2020-01-08,3.41,3.53,1408.23,1367.57,1366.92
2020-04-02,4.55,4.67,1087.7,1056.92,1056.69
2020-02-14,3.25,3.37,1477.1,1434.57,1434.15
2019-05-31,3.98,4.1,1176.55,1141.95,1141.51
2019-06-03,3.97,4.09,1179.75,1145.06,1144.79
2019-02-25,4.45,4.57,1017.23,987.16,986.87
2019-05-22,4.24,4.36,1100.86,1068.54,1068.26
2019-08-14,3.56,3.68,1318.31,1279.7,1279.44
2019-06-26,3.73,3.85,1254.88,1218.0,1217.83
2019-08-15,3.55,3.67,1321.83,1283.12,1282.87
2019-11-01,2.94,3.06,1549.98,1504.72,1504.42
2019-09-12,3.61,3.73,1307.27,1269.13,1268.9
2019-11-04,2.89,3.01,1569.48,1523.63,1523.41
2019-11-05,2.92,3.04,1558.1,1512.6,1512.38
2019-12-11,3.25,3.37,1451.58,1409.48,1408.93
2020-03-23,4.75,4.87,1035.0,1005.73,1005.51
2020-01-02,3.33,3.45,1432.39,1390.98,1390.32
2019-11-22,3.21,3.33,1455.24,1412.94,1412.2
2019-06-04,3.89,4.01,1203.75,1168.34,1168.07
2019-06-05,3.93,4.05,1192.1,1157.05,1156.78
2019-01-29,4.56,4.68,983.71,954.58,954.28
2019-05-23,4.29,4.41,1087.55,1055.64,1055.36
2019-05-24,4.22,4.34,1107.12,1074.62,1074.14
2019-08-16,3.53,3.65,1328.81,1289.89,1289.49
2019-06-21,3.77,3.89,1242.1,1205.59,1205.39
2019-09-17,3.65,3.77,1295.2,1257.44,1257.21
2019-09-23,3.49,3.61,1348.39,1309.05,1308.82
2019-08-02,3.65,3.77,1287.24,1249.53,1249.08
2019-08-05,3.69,3.81,1274.82,1237.49,1237.22
2019-08-06,3.63,3.75,1294.19,1256.28,1256.01
2019-11-06,2.94,3.06,1550.64,1505.37,1505.15
2020-03-24,4.83,4.95,1015.62,986.92,986.69
2020-01-06,3.39,3.51,1413.8,1372.96,1372.31
2020-03-25,4.78,4.9,1028.06,999.0,998.77
2019-03-18,4.31,4.43,1059.58,1028.28,1027.95
2019-06-06,3.94,4.06,1189.41,1154.45,1154.18
2019-01-15,4.59,4.71,972.89,944.05,943.75
2019-07-08,3.61,3.73,1294.41,1256.36,1256.02
2019-07-12,3.59,3.71,1301.86,1263.61,1263.42
2019-07-04,3.58,3.7,1303.62,1265.28,1265.11
2019-09-13,3.64,3.76,1297.95,1260.09,1259.77
2019-06-25,3.76,3.88,1245.57,1208.96,1208.77
2019-07-18,3.68,3.8,1274.17,1236.79,1236.52
2019-11-11,3.12,3.24,1484.26,1441.03,1440.8
2019-11-12,3.14,3.26,1477.19,1434.18,1433.95
2019-11-14,3.17,3.29,1467.36,1424.66,1423.86
2019-10-21,3.18,3.3,1458.63,1416.08,1415.86
2019-08-07,3.59,3.71,1307.37,1269.06,1268.79
2019-08-08,3.54,3.66,1323.64,1284.84,1284.58
2019-06-28,3.62,3.74,1290.03,1252.08,1251.94
2019-07-02,3.56,3.68,1309.79,1271.25,1271.08
2019-10-24,3.16,3.28,1466.58,1423.8,1423.58
2019-03-01,4.46,4.58,1016.38,986.36,985.58
2019-03-21,4.3,4.42,1063.25,1031.85,1031.52
2019-06-12,3.89,4.01,1204.35,1168.96,1168.73
2019-02-07,4.52,4.64,995.97,966.49,966.2
2019-06-27,3.72,3.84,1258.18,1221.2,1221.03
2019-09-24,3.46,3.58,1358.65,1319.0,1318.77
2019-09-26,3.44,3.56,1365.46,1325.61,1325.41
2019-07-16,3.63,3.75,1289.54,1251.67,1251.4
2019-07-30,3.58,3.7,1308.78,1270.39,1270.12
2019-06-18,3.82,3.94,1226.36,1190.32,1190.13
2019-06-19,3.89,4.01,1205.39,1169.99,1169.8
2019-07-17,3.67,3.79,1277.06,1239.59,1239.31
2019-01-11,4.65,4.77,957.84,929.45,929.15
2018-12-13,5.12,5.24,847.16,822.09,821.98
2018-10-25,5.28,5.4,808.0,784.01,783.71
2018-09-26,5.96,6.08,674.86,654.89,654.65
2019-04-09,4.48,4.6,1022.68,992.6,992.23
2019-05-28,4.21,4.33,1110.2,1077.61,1077.35
2019-05-30,4.07,4.19,1150.05,1116.26,1115.99
2019-06-13,3.9,4.02,1201.59,1166.29,1166.06
2019-01-28,4.58,4.7,978.49,949.52,949.23
2019-01-22,4.57,4.69,979.54,950.51,950.22
2019-04-17,4.56,4.68,1006.76,977.19,976.84
2019-02-12,4.59,4.71,979.16,950.22,949.95
2019-02-20,4.4,4.52,1028.89,998.45,998.15
2019-10-16,3.3,3.42,1415.39,1374.12,1373.91
2019-08-21,3.51,3.63,1336.18,1297.05,1296.8
2019-08-23,3.57,3.69,1316.93,1278.41,1278.06
2018-08-16,5.57,5.69,739.27,717.23,717.07
2018-11-06,5.21,5.33,825.23,800.73,800.43
2018-11-07,5.13,5.25,841.72,816.72,816.43
2018-09-27,5.95,6.07,676.8,656.77,656.53
2019-02-21,4.49,4.61,1006.27,976.52,976.23
2019-06-14,3.91,4.03,1198.85,1163.63,1163.4
2019-06-07,3.93,4.05,1191.74,1156.71,1156.38
2019-03-28,4.61,4.73,986.5,957.48,957.13
2019-02-13,4.53,4.65,994.25,964.85,964.58
2019-05-10,4.32,4.44,1076.54,1044.92,1044.15
2019-11-08,3.08,3.2,1498.74,1455.06,1454.74
2019-07-01,3.55,3.67,1312.89,1274.24,1274.08
2019-09-04,3.64,3.76,1296.33,1258.48,1258.24
2019-09-02,3.68,3.8,1283.11,1245.65,1245.41
2019-09-19,3.5,3.62,1344.52,1305.28,1305.05
2019-09-16,3.65,3.77,1294.97,1257.21,1256.99
2018-08-17,5.66,5.78,722.85,701.32,701.14
2018-09-18,5.92,6.04,679.93,659.78,659.56
2018-09-10,5.75,5.87,708.4,687.36,687.23
2018-09-20,5.9,6.02,683.8,663.54,663.32
2019-06-17,3.89,4.01,1205.02,1169.61,1169.43
2019-03-11,4.35,4.47,1046.2,1015.28,1014.98
2019-03-19,4.28,4.4,1067.9,1036.35,1036.01
2019-06-10,3.93,4.05,1191.97,1156.94,1156.71
2019-05-20,4.35,4.47,1070.63,1039.22,1038.94
2019-02-22,4.48,4.6,1009.33,979.5,978.97
2019-03-22,4.46,4.58,1022.24,992.1,991.48
2019-01-30,4.54,4.66,988.95,959.67,959.37
2019-11-13,3.16,3.28,1470.16,1427.37,1427.14
2019-09-05,3.61,3.73,1306.21,1268.07,1267.83
2019-07-15,3.61,3.73,1295.69,1257.63,1257.35
2019-07-23,3.64,3.76,1287.92,1250.14,1249.86
2018-11-21,5.15,5.27,839.75,814.85,814.7
2018-08-08,5.67,5.79,719.44,697.98,697.75
2018-08-10,5.84,5.96,689.84,669.31,668.94
2018-10-16,5.31,5.43,799.5,775.75,775.46
2019-03-07,4.43,4.55,1024.63,994.37,994.07
2019-03-06,4.49,4.61,1009.08,979.29,979.0
2019-01-23,4.61,4.73,970.06,941.33,941.04
2019-04-04,4.48,4.6,1021.2,991.14,990.78
2019-03-29,4.46,4.58,1024.82,994.63,993.9
2019-04-23,4.51,4.63,1020.99,991.0,990.65
2019-02-19,4.4,4.52,1028.59,998.15,997.86
2019-05-21,4.29,4.41,1086.99,1055.08,1054.8
2019-10-08,3.39,3.51,1384.05,1343.69,1343.5
2019-10-25,3.12,3.24,1481.43,1438.21,1437.91
2019-08-27,3.63,3.75,1298.0,1260.06,1259.83
2019-07-29,3.58,3.7,1308.5,1270.12,1269.84
2018-10-19,5.27,5.39,808.72,784.69,784.16
2018-08-21,5.66,5.78,723.19,701.64,701.48
2018-10-17,5.32,5.44,797.78,774.08,773.8
2018-09-03,5.85,5.97,690.74,670.23,670.08
2018-11-12,5.18,5.3,832.31,807.61,807.33
2019-04-30,4.43,4.55,1044.31,1013.64,1013.05
2019-04-16,4.59,4.71,998.93,969.59,969.24
2019-05-13,4.34,4.46,1071.59,1040.12,1039.74
2019-04-05,4.46,4.58,1027.05,996.82,996.08
2019-05-14,4.34,4.46,1071.97,1040.5,1040.12
2019-04-24,4.46,4.58,1034.13,1003.74,1003.38
2019-01-17,4.64,4.76,961.36,932.88,932.59
2019-03-12,4.35,4.47,1047.37,1016.43,1016.1
2019-02-05,4.43,4.55,1018.08,987.92,987.62
2019-08-19,3.52,3.64,1332.36,1293.34,1293.09
2019-08-22,3.55,3.67,1323.26,1284.53,1284.28
2019-10-07,3.4,3.52,1380.44,1340.19,1339.99
2019-07-24,3.6,3.72,1301.01,1262.84,1262.56
2018-11-22,5.08,5.2,854.79,829.43,829.28
2018-11-05,5.2,5.32,826.99,802.44,802.13
2018-08-30,5.75,5.87,708.02,686.97,686.81
2018-10-22,5.23,5.35,817.19,792.91,792.62
2019-04-12,4.57,4.69,1003.19,973.71,972.83
2019-05-07,4.38,4.5,1059.39,1028.27,1027.88
2019-05-15,4.3,4.42,1082.96,1051.16,1050.88
2022-11-10,6.27,6.39,1013.57,987.8,987.8
2022-11-21,6.08,6.2,1058.49,1031.61,1031.61
2022-10-28,5.9,6.02,1090.95,1062.84,1062.84
2022-10-04,5.62,5.74,1151.81,1122.59,1122.59
2022-10-11,5.81,5.93,1106.7,1078.78,1078.78
2022-11-11,6.3,6.42,1007.99,982.01,982.01
2022-11-22,6.15,6.27,1043.36,1016.88,1016.88
2022-10-31,5.91,6.03,1089.04,1061.29,1061.29
2022-10-24,5.82,5.94,1107.29,1079.08,1079.08
2022-10-25,5.79,5.91,1114.74,1086.33,1086.33
2022-11-25,6.22,6.34,1030.01,1003.5,1003.5
2022-11-18,5.97,6.09,1082.97,1055.12,1055.12
2022-10-05,5.69,5.81,1134.87,1106.1,1106.1
2022-11-03,5.82,5.94,1111.0,1082.68,1082.68
2022-09-30,5.73,5.85,1124.85,1096.56,1096.56
2022-10-13,5.75,5.87,1121.07,1092.67,1092.67
2022-11-16,6.13,6.25,1045.84,1019.28,1019.28
2022-10-18,5.76,5.88,1119.8,1091.23,1091.23
2022-10-26,5.79,5.91,1115.58,1087.12,1087.12
2022-10-10,5.76,5.88,1118.22,1089.9,1089.9
2022-09-29,5.8,5.92,1108.3,1080.21,1080.21
2022-10-03,5.52,5.64,1176.53,1146.65,1146.65
2022-11-08,5.99,6.11,1073.18,1045.87,1045.87
2022-10-07,5.74,5.86,1122.86,1094.65,1094.65
2022-09-28,5.81,5.93,1105.81,1077.78,1077.78
2022-11-07,5.91,6.03,1091.11,1063.33,1063.33
2022-10-27,5.81,5.93,1111.26,1082.92,1082.92
2022-11-04,5.82,5.94,1111.72,1083.09,1083.09
2022-10-20,5.75,5.87,1122.92,1094.28,1094.28
2022-10-21,5.78,5.9,1116.38,1087.68,1087.68
2022-10-14,5.78,5.9,1114.31,1085.86,1085.86
2022-11-09,5.96,6.08,1080.42,1052.93,1052.93
2022-11-01,5.8,5.92,1115.32,1086.73,1086.73
2022-06-20,5.63,5.75,1138.9,1109.28,1109.28
2022-09-14,5.92,6.04,1079.36,1051.98,1051.98
2022-11-14,5.97,6.09,1081.42,1053.71,1053.71
2022-11-17,6.25,6.37,1020.08,994.2,994.2
2022-11-23,6.27,6.39,1017.68,991.88,991.88
2022-09-06,5.8,5.92,1107.27,1079.24,1079.24
2022-08-03,6.22,6.34,1011.77,986.13,986.13
2022-09-23,5.75,5.87,1120.48,1092.07,1092.07
2022-09-21,5.75,5.87,1120.17,1091.66,1091.66
2022-10-17,5.74,5.86,1124.2,1095.51,1095.51
2022-10-19,5.78,5.9,1115.41,1086.96,1086.96
2022-07-22,6.17,6.29,1022.98,997.41,997.41
2022-08-25,5.82,5.94,1102.1,1074.05,1074.05
2022-09-26,5.82,5.94,1104.09,1076.02,1076.02
2022-09-27,5.64,5.76,1147.51,1118.3,1118.3
2022-09-02,5.79,5.91,1109.5,1081.52,1081.52
2022-07-12,6.24,6.36,1007.43,981.41,981.41
2022-07-15,6.07,6.19,1045.4,1019.23,1019.23
2022-09-08,5.75,5.87,1119.3,1090.84,1090.84
2022-09-15,5.93,6.05,1077.26,1049.86,1049.86
2022-08-17,5.86,5.98,1092.27,1064.41,1064.41
2022-06-27,5.78,5.9,1105.9,1077.16,1077.16
2022-11-24,6.15,6.27,1044.16,1017.68,1017.68
2022-10-06,5.66,5.78,1142.28,1113.32,1113.32
